<?xml version="1.0" encoding="UTF-8"?>
<project xmlns="http://maven.apache.org/POM/4.0.0" xmlns:xsi="http://www.w3.org/2001/XMLSchema-instance" xsi:schemaLocation="http://maven.apache.org/POM/4.0.0 http://maven.apache.org/maven-v4_0_0.xsd">
  <modelVersion>4.0.0</modelVersion>
  <groupId>ihm2024</groupId>
  <artifactId>java_iot</artifactId>
  <name>java_iot Alpha</name>
  <version>3.3</version>
  <build>
    <plugins>
      <plugin>
        <groupId>org.openjfx</groupId>
        <artifactId>javafx-maven-plugin</artifactId>
        <version>${javafx.maven.plugin.version}</version>
        <configuration>
          <mainClass>${iut.ihm.mainClass}</mainClass>
        </configuration>
      </plugin>
      <plugin>
        <artifactId>maven-shade-plugin</artifactId>
        <version>${maven.shade.plugin.version}</version>
        <executions>
          <execution>
            <goals>
              <goal>shade</goal>
            </goals>
            <configuration>
              <shadedArtifactAttached>true</shadedArtifactAttached>
              <transformers>
                <transformer>
                  <mainClass>${iut.ihm.mainClass}</mainClass>
                </transformer>
              </transformers>
            </configuration>
          </execution>
        </executions>
      </plugin>
    </plugins>
  </build>
  <properties>
    <maven.compiler.source>17</maven.compiler.source>
    <javafx.maven.plugin.version>0.0.8</javafx.maven.plugin.version>
    <iut.ihm.mainClass>java_iot.Main</iut.ihm.mainClass>
    <maven.shade.plugin.version>3.4.1</maven.shade.plugin.version>
    <maven.compiler.target>17</maven.compiler.target>
    <project.build.sourceEncoding>UTF-8</project.build.sourceEncoding>
    <javafx.version>17</javafx.version>
  </properties>
</project>
